arc_degrees,iteration,psnr_3d,ssim_3d
360,1,20.920265197753906,0.31138081351915997
360,5000,33.82826232910156,0.9213053186734518
360,10000,34.71324920654297,0.9328765471776327
360,20000,35.33352279663086,0.939723531405131
360,30000,35.54680633544922,0.94193035364151
120,1,19.29079818725586,0.3921722372372945
120,5000,29.642698287963867,0.8760469158490499
120,10000,30.299335479736328,0.890400211016337
120,20000,30.770854949951172,0.898635983467102
120,30000,30.906631469726562,0.900951623916626
