arc_degrees,view_index,angle_degrees,sector,mae,mse,rmse,signed_bias
360,0,1.8,inside_120,0.0012034941760168494,4.353974727891181e-06,0.002086618011973246,0.0003131720541534975
360,1,5.4,inside_120,0.0011828944608012555,4.188198812385885e-06,0.0020465089328869017,0.0003088577100200946
360,2,9.0,inside_120,0.0011870476028233864,4.234340823370864e-06,0.002057751399798057,0.00031434119972945194
360,3,12.6,inside_120,0.0011803728823416748,4.213486203330204e-06,0.00205267781284112,0.000313640332612855
360,4,16.2,inside_120,0.001187639433362251,4.259980333468364e-06,0.002063971979816675,0.0003116993523756402
360,5,19.8,inside_120,0.0011796407005570208,4.195178236676299e-06,0.002048213425567829,0.00030994924655066623
360,6,23.400000000000002,inside_120,0.0011746503445765862,4.177543232779826e-06,0.002043903919654695,0.00030858029942963845
360,7,27.0,inside_120,0.0011607637147913416,4.05694863836747e-06,0.0020141868429635495,0.0003065177199541197
360,8,30.600000000000005,inside_120,0.0011501728459304842,4.033294867586433e-06,0.002008306467545836,0.0003035237385062902
360,9,34.2,inside_120,0.0011473470890431179,4.010326105845614e-06,0.0020025798625387236,0.00030265371260642054
360,10,37.800000000000004,inside_120,0.0011328709760265881,3.934875702546076e-06,0.0019836521122782785,0.0003011292659674686
360,11,41.4,inside_120,0.0011320246123168877,3.955238098945152e-06,0.00198877804164898,0.0003001316208864178
360,12,45.0,inside_120,0.0011303774353389516,3.9678567019470626e-06,0.0019919479666766055,0.0002980323739619661
360,13,48.6,inside_120,0.001136794682377712,4.061083015528174e-06,0.0020152128958321434,0.0002963639737893387
360,14,52.2,inside_120,0.0011493221690046878,4.166419743872875e-06,0.002041180967938138,0.0002948640586072685
360,15,55.800000000000004,inside_120,0.001155804298032325,4.257347761780803e-06,0.0020633341372111313,0.0002938148372957264
360,16,59.39999999999999,inside_120,0.0011715101175870408,4.497059478220273e-06,0.0021206271426680062,0.000291541629062851
360,17,63.0,inside_120,0.0011917834447783592,4.6272308539384265e-06,0.002151099917237325,0.0002900965643738627
360,18,66.60000000000001,inside_120,0.001204658092832969,4.797853354921479e-06,0.0021904002727632862,0.0002872437236422876
360,19,70.2,inside_120,0.0012180099410827616,4.99323368472972e-06,0.0022345544711932443,0.0002860175637751497
360,20,73.8,inside_120,0.001267627329615736,5.504043120413077e-06,0.00234606971772219,0.0002898033011574425
360,21,77.4,inside_120,0.0012899871775435977,5.748812413868062e-06,0.0023976681200424846,0.0002862221887822392
360,22,81.0,inside_120,0.0013311709935736823,6.521274648188436e-06,0.0025536786501414847,0.00028115233735187024
360,23,84.60000000000001,inside_120,0.0013124350996224295,6.1452436379759495e-06,0.0024789601928986173,0.0002785644545871068
360,24,88.2,inside_120,0.0013494406845658202,6.45929617476364e-06,0.002541514543488516,0.0002827225594936365
360,25,91.8,inside_120,0.0013183689044788988,6.1136802772262145e-06,0.002472585747193859,0.00027970907944096114
360,26,95.4,inside_120,0.0012687730740618148,5.481749063860136e-06,0.002341313533865154,0.00027652124220214837
360,27,99.0,inside_120,0.0012276621751823025,5.051120605837483e-06,0.002247469823120543,0.0002739003168092524
360,28,102.60000000000001,inside_120,0.0012468905401751794,5.675340001460865e-06,0.002382297210983731,0.00027344119848181266
360,29,106.2,inside_120,0.0011706032258036211,4.5943544367825965e-06,0.002143444526173373,0.0002756086689074363
360,30,109.8,inside_120,0.0011549083706821122,4.4070063332417935e-06,0.0020992871011945445,0.0002716204424409619
360,31,113.4,inside_120,0.0011306051890645243,4.262613029707649e-06,0.0020646096555299864,0.00027076092623912434
360,32,117.0,inside_120,0.0011221549480652773,4.196954540083496e-06,0.002048647002312379,0.00026969557737866736
360,33,120.60000000000001,outside_120,0.0011193619209097989,4.161175454287867e-06,0.002039895942024462,0.00026938215054198847
360,34,124.2,outside_120,0.0011101658061646346,4.119928794436675e-06,0.0020297607727110785,0.0002688434974246464
360,35,127.79999999999998,outside_120,0.0011133540833182494,4.130537113818051e-06,0.002032372287209716,0.00026866953653039257
360,36,131.4,outside_120,0.001126714391880015,4.2289644534012024e-06,0.0020564446147176446,0.0002674663673571895
360,37,135.0,outside_120,0.0011207036940067924,4.166164487933285e-06,0.0020411184404471204,0.0002673341936383078
360,38,138.6,outside_120,0.001120371332080802,4.176670375325891e-06,0.002043690381473155,0.0002668697750295866
360,39,142.20000000000002,outside_120,0.0011147702445731458,4.108895275457683e-06,0.0020270410147448133,0.0002669789642861611
360,40,145.8,outside_120,0.0011165243376526513,4.108924325851642e-06,0.002027048180446543,0.00026730363832726077
360,41,149.4,outside_120,0.0011065693238646746,4.049483095542751e-06,0.0020123327497068547,0.0002655109036784413
360,42,153.0,outside_120,0.0011036911704870504,3.985539073330926e-06,0.0019963814949380105,0.0002670471752144483
360,43,156.6,outside_120,0.001104182903489715,4.0040411689311005e-06,0.002001010037188994,0.0002656289320567226
360,44,160.20000000000002,outside_120,0.0011087249484034866,3.968040045512114e-06,0.0019919939873182632,0.0002663247713756102
360,45,163.8,outside_120,0.0011042873431262074,3.9563007426648676e-06,0.0019890451836659887,0.00026822200551425814
360,46,167.4,outside_120,0.0011063222745313704,3.938734766138898e-06,0.001984624590732186,0.00027046786820590906
360,47,171.0,outside_120,0.0011037215692707065,3.919458142147785e-06,0.001979762142821148,0.0002696679917048714
360,48,174.6,outside_120,0.0011158334254332183,3.984452914621844e-06,0.0019961094445500338,0.0002669535443210564
360,49,178.20000000000002,outside_120,0.001133705912469545,4.098999293787126e-06,0.0020245985512656888,0.000267291969536425
360,50,181.8,outside_120,0.0011268796574539653,4.1017831141959515e-06,0.0020252859339352433,0.00026967271858926393
360,51,185.4,outside_120,0.0011228733525888584,4.124390579063939e-06,0.0020308595665540093,0.00027052739497817653
360,52,189.0,outside_120,0.0011188786927593503,4.126232303770876e-06,0.0020313129507219894,0.0002675038475555993
360,53,192.6,outside_120,0.0011283949022724371,4.216111126304899e-06,0.0020533171032027417,0.00027516443290753024
360,54,196.20000000000002,outside_120,0.00111640794811106,4.078196225900743e-06,0.0020194544376887394,0.0002753010177760755
360,55,199.8,outside_120,0.0011250188784886705,4.150154997816028e-06,0.0020371929211088547,0.0002759343998997038
360,56,203.4,outside_120,0.0011161748682946638,4.074435771859726e-06,0.00201852316604485,0.0002773836740868238
360,57,207.0,outside_120,0.0011150691516307422,4.042501861299094e-06,0.0020105973891605187,0.00027922381529153745
360,58,210.6,outside_120,0.0011020863247729689,3.97124945412756e-06,0.001992799401376757,0.0002805378420515601
360,59,214.20000000000002,outside_120,0.0011000823486543084,3.955454753916998e-06,0.0019888325102725463,0.00028257123279980256
360,60,217.8,outside_120,0.0010911852695957435,3.887593100814307e-06,0.0019716980247528543,0.0002843899829582705
360,61,221.4,outside_120,0.0010955221947678798,3.892975987298162e-06,0.0019730625908212242,0.00028582229723008237
360,62,225.0,outside_120,0.0010971227078604307,3.915619086467223e-06,0.0019787923303033147,0.00028747915744868066
360,63,228.6,outside_120,0.0011026366217861893,3.972335986248429e-06,0.001993071997256604,0.0002888414877885621
360,64,232.20000000000002,outside_120,0.0010951872972739508,3.919213272835178e-06,0.0019797002987409934,0.0002903362368931174
360,65,235.80000000000004,outside_120,0.0010994794425414278,3.9351385730962855e-06,0.001983718370408533,0.0002914548334102157
360,66,239.4,outside_120,0.0011014367011457815,3.994103449348913e-06,0.001998525318665969,0.00029350753548687444
360,67,243.0,outside_120,0.0011278868798005697,4.201524275810321e-06,0.002049762004675255,0.0002955741165540561
360,68,246.59999999999997,outside_120,0.0011327154583757704,4.2560193919556405e-06,0.0020630122132347254,0.0002977022766788055
360,69,250.20000000000002,outside_120,0.0011547898772473354,4.4246035798235036e-06,0.002103474169041185,0.000299558533801939
360,70,253.80000000000004,outside_120,0.0011875221290199944,4.727057184737819e-06,0.002174179657879684,0.00030223752624636643
360,71,257.40000000000003,outside_120,0.0012306143099302773,5.258963487118658e-06,0.0022932430065561427,0.00030115666081314337
360,72,261.0,outside_120,0.0012362184525944375,5.227067580204116e-06,0.0022862781064875103,0.00030136940097207256
360,73,264.6,outside_120,0.0012773853316945705,5.587442860907602e-06,0.0023637772443501526,0.000307323145524246
360,74,268.2,outside_120,0.0012635352011211877,5.504382959056783e-06,0.002346142143830331,0.00030490972548348824
360,75,271.8,outside_120,0.0012932416092845255,5.849875497876098e-06,0.0024186515867061337,0.000303679042824773
360,76,275.40000000000003,outside_120,0.0012672740330396753,5.615319852858758e-06,0.002369666612175383,0.00030906438501008356
360,77,279.0,outside_120,0.001313135581396442,6.458399045381269e-06,0.0025413380423275587,0.0003067424345985582
360,78,282.6,outside_120,0.0012608657416165777,5.6559457685655515e-06,0.0023782232377482044,0.00030405802376166105
360,79,286.2,outside_120,0.0012659213569661194,5.591934881869984e-06,0.0023647272320227513,0.00031445169017027693
360,80,289.8,outside_120,0.0012384030187738186,5.2058985338420914e-06,0.0022816438227387928,0.0003171665128274862
360,81,293.40000000000003,outside_120,0.0011888905266712409,4.662266233568177e-06,0.002159228156904262,0.0003153653450509453
360,82,297.0,outside_120,0.0011852115783360195,4.538927084138112e-06,0.00213047578820744,0.00031655129228096363
360,83,300.6,outside_120,0.0012057452502032225,5.088791461941682e-06,0.0022558349810971727,0.00031784432217630827
360,84,304.2,outside_120,0.0011663345232864014,4.338211255307061e-06,0.002082837308890702,0.0003185455493763902
360,85,307.8,outside_120,0.0011725336689769924,4.2996279435682775e-06,0.0020735544226203172,0.0003185307346564606
360,86,311.40000000000003,outside_120,0.0011688200581171622,4.279914513343638e-06,0.0020687954256870442,0.0003192976904296495
360,87,315.0,outside_120,0.0011713590272546986,4.270856638372952e-06,0.0020666050997645755,0.00031937938750624173
360,88,318.6,outside_120,0.0011690486675568635,4.2484850592104235e-06,0.00206118535294874,0.0003190625441379007
360,89,322.2,outside_120,0.0011711896953445749,4.229391381152086e-06,0.0020565484144926143,0.0003188289465123744
360,90,325.8,outside_120,0.0011801086193829675,4.231852765340066e-06,0.0020571467534767824,0.0003199929582666685
360,91,329.40000000000003,outside_120,0.0011865463297695666,4.251957874357368e-06,0.0020620276124138997,0.0003200576246499977
360,92,333.0,outside_120,0.0011755921762876833,4.157753057542784e-06,0.0020390569039491725,0.00031995015839959644
360,93,336.6,outside_120,0.0011749932067722604,4.103981303110313e-06,0.002025828547313497,0.00031965405516607033
360,94,340.2,outside_120,0.001167664799001612,4.072136907164222e-06,0.0020179536434626597,0.00031835880647075376
360,95,343.8,outside_120,0.0011603852163059537,4.038299845372373e-06,0.002009552150448545,0.0003178156062234147
360,96,347.40000000000003,outside_120,0.0011688562406395818,4.2013726075667815e-06,0.0020497250077917235,0.00031743419838278715
360,97,351.0,outside_120,0.0011754579922474404,4.264170967315177e-06,0.002064986916984022,0.00031604588333991823
360,98,354.6,outside_120,0.0011776054543627677,4.221147575775764e-06,0.0020545431550044804,0.00031482997477413405
360,99,358.2,outside_120,0.001193124678409641,4.29612681459931e-06,0.0020727100170065543,0.0003133874089606169
120,0,1.8,inside_120,0.0013613166692585498,5.922007591559405e-06,0.002433517534672681,0.000191333653832334
120,1,5.4,inside_120,0.0013176971524240955,5.55797183275099e-06,0.0023575351180313286,0.00018847158405937525
120,2,9.0,inside_120,0.0013061256529469003,5.485061624497002e-06,0.0023420208420287386,0.0001972791972798963
120,3,12.6,inside_120,0.0012950541181819214,5.431770080318532e-06,0.002330615815684458,0.00019761081994889364
120,4,16.2,inside_120,0.001280581501483459,5.302849235291557e-06,0.0023027916178611466,0.00019391506847793596
120,5,19.8,inside_120,0.001271959076297582,5.252781851088273e-06,0.0022918948167593278,0.0001937548908247953
120,6,23.400000000000002,inside_120,0.0012597195691226176,5.176573200526352e-06,0.0022752083861761656,0.00019555111304328426
120,7,27.0,inside_120,0.0012483139427339326,5.083787673665988e-06,0.0022547256315716083,0.0001934271760109832
120,8,30.600000000000005,inside_120,0.001236573459623502,5.00044997280812e-06,0.0022361685922148446,0.00019134105302543513
120,9,34.2,inside_120,0.0012238548548763211,4.914448115860845e-06,0.002216855456691041,0.00019156934033075663
120,10,37.800000000000004,inside_120,0.0012154371883326726,4.86309824638946e-06,0.002205243353099485,0.00018924651759735846
120,11,41.4,inside_120,0.0012165928512706354,4.883756438490652e-06,0.0022099222697847657,0.00018831448511377337
120,12,45.0,inside_120,0.0012136355619984701,4.898119064399504e-06,0.0022131694612929,0.00018621083501808955
120,13,48.6,inside_120,0.0012208896997296154,4.9828740751848855e-06,0.0022322352195019426,0.00018481187400365393
120,14,52.2,inside_120,0.001222656481844387,5.033267293350503e-06,0.0022434944380030236,0.00018236111731487946
120,15,55.800000000000004,inside_120,0.001231433154645391,5.1240304844716335e-06,0.002263632144247743,0.0001796932916718512
120,16,59.39999999999999,inside_120,0.0012363949192971558,5.208938428374968e-06,0.0022823098887694826,0.00017615477297791424
120,17,63.0,inside_120,0.0012461960993878551,5.334801911194284e-06,0.002309719011307281,0.00017443534036092309
120,18,66.60000000000001,inside_120,0.001259848262385954,5.480005189473835e-06,0.00234094109056034,0.00017140153462796859
120,19,70.2,inside_120,0.0012823894368201273,5.735078056678811e-06,0.0023948023001239185,0.00016694629959172606
120,20,73.8,inside_120,0.0012965739246134256,5.976717588925698e-06,0.0024447326211521985,0.0001667084287204959
120,21,77.4,inside_120,0.0013261822732903474,6.245384554142443e-06,0.002499076740346811,0.00016507710949538828
120,22,81.0,inside_120,0.0013505323053505352,6.779220932245045e-06,0.002603693709376171,0.0001491875485436302
120,23,84.60000000000001,inside_120,0.0013383480140160722,6.579134641938439e-06,0.0025649823862822995,0.00015748540944644408
120,24,88.2,inside_120,0.0013289934422044743,6.338657264201413e-06,0.002517669014028932,0.00015249095321065166
120,25,91.8,inside_120,0.0013382512832436093,6.317151894224796e-06,0.0025133944963385267,0.0001511920840977905
120,26,95.4,inside_120,0.0013182546625912772,6.037830510922148e-06,0.002457199729554386,0.00014602515507941747
120,27,99.0,inside_120,0.0012840092425748016,5.74943495255809e-06,0.0023977979382254233,0.00014107641671167918
120,28,102.60000000000001,inside_120,0.0012717507862331022,5.67126615447451e-06,0.00238144203256651,0.00014105564821447335
120,29,106.2,inside_120,0.0012484336094138713,5.483317687415329e-06,0.0023416484978355163,0.00014022190249470462
120,30,109.8,inside_120,0.0012329053584523414,5.387974497049972e-06,0.0023212010893177634,0.00013340265693505276
120,31,113.4,inside_120,0.0012367411778096552,5.401607213513711e-06,0.00232413579928405,0.00013067185075937902
120,32,117.0,inside_120,0.0012657987225948625,5.657430469949234e-06,0.0023785353623499554,0.0001273334962035745
120,33,120.60000000000001,outside_120,0.0018482172872409137,1.1612235653433788e-05,0.0034076730555371343,0.00012493797613776034
120,34,124.2,outside_120,0.0026686815195890723,2.5503060994692532e-05,0.0050500555437235075,0.00012263010243505792
120,35,127.79999999999998,outside_120,0.003407349747457643,4.323043138368611e-05,0.006574985276309454,0.00012040066472586958
120,36,131.4,outside_120,0.004077812511962691,6.243997440406823e-05,0.007901896886448736,0.0001166140587446354
120,37,135.0,outside_120,0.004618298448277512,8.21044019619465e-05,0.009061147938420744,0.00011517362515717577
120,38,138.6,outside_120,0.005096042993083728,9.994822219020081e-05,0.009997410774305555,0.00011405227940693997
120,39,142.20000000000002,outside_120,0.005442643704798057,0.00011313049744159038,0.010636282124952797,0.00011066298023766547
120,40,145.8,outside_120,0.00558223492233261,0.00011842454377757505,0.010882304157556665,0.0001086917334118164
120,41,149.4,outside_120,0.005543772787412946,0.00011562617569835304,0.010752961252527279,0.00010416848127101612
120,42,153.0,outside_120,0.005361847373429673,0.00010799884013789078,0.010392249041371688,0.00010318399184869864
120,43,156.6,outside_120,0.005047163387470927,9.691375690052006e-05,0.009844478498149106,0.00010200367747778731
120,44,160.20000000000002,outside_120,0.004647537593447148,8.404870290096789e-05,0.009167807965973539,0.00010051267745284752
120,45,163.8,outside_120,0.004286738290767876,7.233847826913546e-05,0.00850520301163561,9.957331907457837e-05
120,46,167.4,outside_120,0.004001534305500015,6.392036877242605e-05,0.00799502149918473,9.938470030723813e-05
120,47,171.0,outside_120,0.0036879229943969382,5.578889174871298e-05,0.0074691961916067634,9.552046545075488e-05
120,48,174.6,outside_120,0.0033818868617660814,4.857924146720512e-05,0.00696988102245692,9.366803770654984e-05
120,49,178.20000000000002,outside_120,0.003035014109393398,4.0413144353334706e-05,0.00635713334399513,9.178228475786586e-05
120,50,181.8,outside_120,0.0027125065666185936,3.295239896066777e-05,0.005740418012711947,9.187610418596461e-05
120,51,185.4,outside_120,0.0024295780246051378,2.6000693693404492e-05,0.005099087535373804,8.934493259928576e-05
120,52,189.0,outside_120,0.002168656377029865,1.9825970954899843e-05,0.004452636404974006,8.401550259696197e-05
120,53,192.6,outside_120,0.0019393052973568161,1.547611088114565e-05,0.003933968845980564,8.531654074162305e-05
120,54,196.20000000000002,outside_120,0.0017766969481942004,1.3420387143419582e-05,0.0036633846567647767,9.04689459889279e-05
120,55,199.8,outside_120,0.0016923204329570513,1.2230126863968662e-05,0.0034971598281989718,8.844725550420425e-05
120,56,203.4,outside_120,0.0016351330638547487,1.1396937065911932e-05,0.0033759349913634194,8.968930126990541e-05
120,57,207.0,outside_120,0.0015982560312317662,1.0844907938297751e-05,0.0032931607823332514,9.017678172975895e-05
120,58,210.6,outside_120,0.0015665929155365937,1.0390203571205017e-05,0.003223383869663217,8.981096677973714e-05
120,59,214.20000000000002,outside_120,0.0015342090942552017,9.996042124379284e-06,0.003161651803152789,8.916268579638248e-05
120,60,217.8,outside_120,0.0015123347462604481,9.697084867141144e-06,0.0031140142689366638,9.091837395674843e-05
120,61,221.4,outside_120,0.0014923657606911475,9.449884627771239e-06,0.0030740664644361934,9.126696186772001e-05
120,62,225.0,outside_120,0.0014804936891243572,9.296118041744733e-06,0.003048953597833974,9.250775049149744e-05
120,63,228.6,outside_120,0.001470522726872547,9.14887427319175e-06,0.0030247106098256326,9.342179148362048e-05
120,64,232.20000000000002,outside_120,0.001462402863913991,9.031720809419004e-06,0.0030052821513826293,9.386170566126238e-05
120,65,235.80000000000004,outside_120,0.0014600105516123893,8.974298281951197e-06,0.002995713317717701,9.42028887199362e-05
120,66,239.4,outside_120,0.001459574001295082,9.003265319615418e-06,0.003000544170582299,9.643241672841384e-05
120,67,243.0,outside_120,0.0014761551510965901,9.120921728151404e-06,0.0030200863775977343,9.888885895691397e-05
120,68,246.59999999999997,outside_120,0.0014878651622319712,9.26335855312137e-06,0.0030435766054300933,0.00010115579642248963
120,69,250.20000000000002,outside_120,0.0015094338382835703,9.510714345265476e-06,0.0030839446080086256,0.0001038838620845472
120,70,253.80000000000004,outside_120,0.001535481225915893,9.825753988020893e-06,0.003134605874431568,0.00010698725447541055
120,71,257.40000000000003,outside_120,0.0015594737933027905,1.0166809980936019e-05,0.0031885435516762223,0.00010546208111734408
120,72,261.0,outside_120,0.0015824103934998222,1.0470896486134166e-05,0.003235876463361073,0.0001059334605923275
120,73,264.6,outside_120,0.0016061855456342324,1.0870943200637955e-05,0.003297111341862442,0.00011011157297305957
120,74,268.2,outside_120,0.0016382420686205503,1.1479625084272498e-05,0.003388159542328622,0.00011491513102691667
120,75,271.8,outside_120,0.001668702456239445,1.2134945444480815e-05,0.0034835248591736524,0.00011309167561208664
120,76,275.40000000000003,outside_120,0.0017112166453761312,1.2772407188558471e-05,0.0035738504709288653,0.00012035130367872698
120,77,279.0,outside_120,0.0017713004157924586,1.371008305037516e-05,0.0037027129311324094,0.00010778841448928509
120,78,282.6,outside_120,0.0018530544327366833,1.4591527218941792e-05,0.003819885759933377,0.00012864717386501507
120,79,286.2,outside_120,0.0020376856634741133,1.6932427158707823e-05,0.004114903055809192,0.00013527025910019271
120,80,289.8,outside_120,0.0023271895484731847,2.1929997985300363e-05,0.004682947574477037,0.0001379445305451298
120,81,293.40000000000003,outside_120,0.002620573243874747,2.861367477641585e-05,0.005349175149162331,0.00013691325174455292
120,82,297.0,outside_120,0.002930556588558946,3.6084985835167896e-05,0.006007077978116141,0.00014454054074266844
120,83,300.6,outside_120,0.003212274893575884,4.3712479567634794e-05,0.00661154139120635,0.00014847239653260083
120,84,304.2,outside_120,0.003507501870741582,5.1514467047014624e-05,0.007177357943353155,0.0001519805142116966
120,85,307.8,outside_120,0.003836192144290059,6.0451232351885346e-05,0.007775039057900953,0.00015525195704027794
120,86,311.40000000000003,outside_120,0.004192903566627119,7.028517786169741e-05,0.00838362557976544,0.0001588439552347867
120,87,315.0,outside_120,0.004572071645743657,8.073975924829881e-05,0.00898553054907159,0.00016266892767562117
120,88,318.6,outside_120,0.00502431714604174,9.522499989137164e-05,0.0097583297695544,0.00016533755732894788
120,89,322.2,outside_120,0.005411952217573845,0.00010950159508069205,0.010464300983854204,0.00016869757417880353
120,90,325.8,outside_120,0.005646253224238187,0.00011671667700688694,0.010803549278218106,0.00017224615199381413
120,91,329.40000000000003,outside_120,0.005788624159990612,0.00011998664501916738,0.010953841564454335,0.00017531562696579734
120,92,333.0,outside_120,0.005711212826448058,0.00011477698648199346,0.010713402189873834,0.000179171651638979
120,93,336.6,outside_120,0.005425951092441679,0.00010317548988732382,0.010157533651793817,0.00018187285420323546
120,94,340.2,outside_120,0.004972487447344707,8.758516954396687e-05,0.009358694863279114,0.00018456530847536708
120,95,343.8,outside_120,0.004419337082878182,7.029588111204004e-05,0.008384263898043766,0.00018601585958920894
120,96,347.40000000000003,outside_120,0.003844602389599275,5.4654767903890956e-05,0.0073928863040013644,0.00018561799316217244
120,97,351.0,outside_120,0.003190586267227124,3.7769777117090205e-05,0.006145712091945913,0.0001838153419093932
120,98,354.6,outside_120,0.002421287143820198,2.111735228480379e-05,0.004595362040667067,0.00019005711742652842
120,99,358.2,outside_120,0.001656242750734824,8.961016222194789e-06,0.0029934956526099696,0.00018645183832279047
